<configuration>
    <appender name="STDOUT" class="ch.qos.logback.core.ConsoleAppender">
        <encoder>
            <pattern>%d{HH:mm:ss.SSS} %-5level %logger{36} - %msg%n</pattern>
        </encoder>
    </appender>
    
    <property name="LOG_DIR" value="C:\Users\tkarmakar005\eclipse-workspace\Automation JUnit\GEMAutomation\src\main\resources" />
        <appender name="FILE" class="ch.qos.logback.core.FileAppender">
        <file>${LOG_DIR}/logback.log</file>
        <append>true</append>
        <encoder>
            <pattern>%d{HH:mm:ss.SSS} [%thread] %-5level %logger{36} - %msg%n</pattern>
        </encoder>
    </appender>
    
    <root level="info">
        <appender-ref ref="FILE" />
    </root>
</configuration>